{"((1, 2, 3), (4, 5, 0), (7, 8, 6))": {"haut": 0.0, "bas": 200.0, "gauche": 0.0, "droite": 0}, "((1, 2, 3), (0, 5, 6), (4, 7, 8))": {"haut": 0.0, "bas": 162.90124999999998, "gauche": 0, "droite": 0.0}, "((1, 2, 3), (4, 5, 6), (0, 7, 8))": {"haut": 171.475, "bas": 0, "gauche": 0, "droite": 92.6582460319506}, "((1, 2, 3), (4, 5, 6), (7, 0, 8))": {"haut": 97.5349958231059, "bas": 0, "gauche": 0.0, "droite": 200.0}, "((1, 2, 3), (4, 6, 8), (7, 0, 5))": {"haut": 0.0, "bas": 0, "gauche": 0.0, "droite": 79.44286369164364}, "((1, 0, 3), (4, 2, 8), (7, 6, 5))": {"haut": 0, "bas": 79.44286369164364, "gauche": 0.0, "droite": 0.0}, "((1, 2, 3), (4, 0, 6), (7, 5, 8))": {"haut": 83.62406704383541, "bas": 92.6582460319506, "gauche": 92.6582460319506, "droite": 92.6582460319506}, "((1, 0, 3), (4, 2, 6), (7, 5, 8))": {"haut": 0, "bas": 88.02533373035307, "gauche": 0.0, "droite": 0.0}, "((1, 2, 3), (4, 0, 8), (7, 6, 5))": {"haut": 75.47072050706146, "bas": 0.0, "gauche": 0.0, "droite": 0.0}, "((1, 2, 3), (4, 6, 8), (7, 5, 0))": {"haut": 83.62406704383541, "bas": 0, "gauche": 0.0, "droite": 0}, "((1, 2, 3), (4, 6, 0), (7, 5, 8))": {"haut": 0.0, "bas": 79.44286369164364, "gauche": 88.02533373035307, "droite": 0}, "((1, 2, 0), (4, 6, 3), (7, 5, 8))": {"haut": 0, "bas": 92.6582460319506, "gauche": 0.0, "droite": 0}, "((1, 2, 3), (7, 4, 6), (0, 5, 8))": {"haut": 83.62406704383541, "bas": 0, "gauche": 0, "droite": 0.0}, "((1, 2, 3), (0, 4, 6), (7, 5, 8))": {"haut": 0.0, "bas": 0.0, "gauche": 0, "droite": 88.02533373035307}}